,wine_id,old,alcohol,color,reviewers,residual_sugar,acidity,vol_acidity
0,279,31.0,11.2,rose,0.0,,5.966940151664051,5.335072252042284
1,230,21.0,11.3,red,0.0,,4.753506969938128,4.262727936424933
2,856,33.0,9.0,white,0.0,16.532021274057286,6.0464833076150395,5.3951457038810595
3,128,20.0,9.8,rose,0.0,,4.572939554049922,4.034215668785099
4,918,33.0,11.3,red,0.0,14.605029056462643,4.762562060838068,3.797823551101997
5,166,25.0,9.2,rose,0.0,,5.030475426298686,4.508494801111429
6,199,29.0,11.6,red,0.0,,5.040081947155752,4.118593987895189
7,365,34.0,10.3,rose,0.0,,5.236511591307915,5.549763098947296
8,588,24.0,11.8,rose,0.0,7.065799948579558,6.796166648014649,6.068346240487971
9,227,29.0,9.8,red,0.0,,4.055334483306928,3.219547431293188
10,195,21.0,12.8,rose,0.0,,5.715455904645965,4.318116895938746
11,878,23.0,10.8,rose,0.0,2.5252824690696976,4.674974584711069,4.21141440938069
12,274,29.0,10.1,white,0.0,,4.787527029664726,3.911627242842094
13,554,29.0,11.9,red,0.0,5.616382539688217,5.486847823110703,4.952389596572272
14,1005,15.0,,,22.0,,,
15,265,27.0,12.0,rose,0.0,,6.015057400322967,4.883857196838559
16,929,22.0,11.8,red,0.0,7.933486679922956,6.743020067599106,6.720626890881947
17,454,23.0,10.4,red,0.0,,5.192391297297441,4.042275109342556
18,828,29.0,10.3,rose,0.0,13.952331300546088,4.749999284949657,4.05163110610431
19,477,33.0,11.7,red,0.0,,4.620849205593624,4.205993719575405
20,839,29.0,11.0,red,0.0,3.6360137268501465,6.7857060724016645,6.1498640114866
21,27,20.0,11.7,red,0.0,,8.271743403766578,8.545915375984666
22,577,29.0,10.6,red,0.0,7.5086537280458705,4.683659952858098,3.7338996538538947
23,165,25.0,10.2,red,0.0,16.47048933096459,5.235034074208137,4.8346184115620945
24,391,26.0,10.7,white,0.0,15.816535438612869,6.103963799845485,5.6853284194398
25,34,33.0,11.3,red,0.0,4.048146604735003,4.843721647229558,4.386079327221838
26,859,29.0,11.7,red,0.0,,4.873740792022382,4.051868300385918
27,503,33.0,11.0,white,0.0,,4.6745453212770665,4.30809455693136
28,636,31.0,,rose,0.0,,7.500710513622762,6.481378599429649
29,416,28.0,11.0,white,0.0,11.949826677716397,4.230701594339099,3.232184572321735
30,246,25.0,11.7,rose,0.0,,5.561598032032791,4.749214198860709
31,132,20.0,11.1,,0.0,,6.116958782719793,4.491993657953928
32,647,33.0,12.3,red,0.0,,5.066422213407494,5.239253432141278
33,435,34.0,11.8,white,0.0,,6.340198977906133,4.7068431733922536
34,304,21.0,11.1,rose,0.0,,5.927021574406702,4.177497621367733
35,90,25.0,11.6,rose,0.0,,4.58389284414602,4.059034087670481
36,683,34.0,12.3,red,0.0,12.399853249268418,7.71614566967003,7.1524283291801805
37,239,32.0,11.0,red,0.0,6.499838566164739,6.466056068453657,5.551510920402766
38,492,27.0,11.6,red,0.0,,6.490119116698579,5.398530716115366
39,480,32.0,9.7,rose,0.0,,6.02180360784752,5.983373266141013
40,469,21.0,10.1,red,0.0,1.219922333750401,4.961365750283512,4.649430648847224
41,156,25.0,12.1,rose,0.0,,5.37729708878066,4.561358714913851
42,137,28.0,12.3,rose,0.0,,6.402453765029426,6.238981389370986
43,909,22.0,11.7,red,0.0,,6.632555411762633,6.495325426203164
44,167,23.0,10.6,white,0.0,,6.146206600727961,5.048656875243477
45,335,27.0,11.8,rose,0.0,,4.916640405100303,4.867996950125438
46,94,26.0,12.5,red,0.0,6.756478404080564,6.268727166545655,5.828048272064294
47,662,27.0,10.6,white,0.0,16.430806493289424,5.1291472087021885,5.276637514854985
48,232,26.0,10.8,rose,0.0,12.631524179333098,7.2335014766347046,7.156277632244213
49,348,30.0,9.4,rose,0.0,,6.414208928566479,5.457974692103768
50,668,22.0,8.6,rose,0.0,12.550018208428513,5.125273274603904,4.147148041617042
51,405,32.0,11.3,,0.0,,5.727451874297863,4.876391288127819
52,379,30.0,11.0,rose,0.0,1.210396440480617,4.31684521940511,2.9739117628475316
53,63,30.0,11.6,rose,0.0,,6.903140766268316,6.732693414034032
54,606,31.0,10.4,rose,0.0,,5.465673455239635,5.108042346359056
55,22,25.0,10.4,red,0.0,1.226647877163888,7.369672566987111,6.538363818775666
56,43,23.0,13.6,rose,0.0,,4.5634299534557545,4.606782473155197
57,891,23.0,12.5,red,0.0,16.84431703302986,10.413745461766048,9.86691396581682
58,970,28.0,12.7,white,0.0,6.257190356392361,5.055682971802444,4.101347532740787
59,556,31.0,12.2,rose,1.0,,6.068575845388025,5.838127606658215
60,373,25.0,10.3,red,0.0,,6.5382936532898075,5.825136345833524
61,364,21.0,10.9,rose,0.0,,5.0253310686825525,4.569952669693424
62,708,27.0,13.4,red,0.0,,6.706105843033429,6.32918057064774
63,791,33.0,10.5,rose,0.0,,5.1659181812400305,4.481599472261306
64,658,29.0,9.7,red,0.0,,5.564463556098255,5.242264888457877
65,543,24.0,12.0,white,0.0,1.401334283152835,7.45428302917634,5.772776810692248
66,530,25.0,11.0,red,0.0,1.3229041887501243,10.009268882075567,8.04275821062607
67,381,33.0,12.0,white,0.0,,6.13168902202972,4.891548410269782
68,529,29.0,11.0,rose,0.0,16.839395102907115,5.234389673389675,5.650203800585501
69,412,20.0,10.4,red,0.0,,4.786533526809438,5.012826491548798
70,136,20.0,11.4,red,0.0,,7.639831337503823,7.023037291704654
71,123,32.0,10.9,red,0.0,,5.715503869884646,5.255591678140776
72,783,33.0,10.5,rose,0.0,,4.892907705619285,4.310870685862599
73,275,27.0,8.7,red,0.0,14.992964201526247,5.541227161345903,4.942327885832138
74,138,21.0,11.6,rose,0.0,,5.411947828027661,4.83944438854008
75,168,21.0,12.0,red,0.0,15.531157007074738,5.002309413816385,5.349662420072222
76,493,32.0,11.5,white,0.0,11.516555062301924,6.8202307703106095,5.751518426100338
77,823,22.0,10.3,white,0.0,,4.907472041948217,4.069832430773481
78,77,33.0,10.4,white,0.0,2.293408866960949,4.2853768786628486,2.973211450105814
79,294,33.0,11.5,red,1.0,,5.863367398717745,5.083856514679555
80,69,34.0,11.8,red,0.0,6.341792290009616,8.294378479413634,8.085651927555627
81,140,34.0,11.6,red,0.0,7.5064476773316375,5.272393644159963,4.373127622849935
82,729,24.0,11.1,rose,0.0,,6.5660425924818115,5.578588279887999
83,763,22.0,10.1,white,0.0,2.6442515288087383,5.271528818040844,5.664216280059755
84,32,27.0,10.8,rose,0.0,,5.863534946575756,4.757894414827684
85,621,28.0,11.5,red,0.0,,4.852034539584602,3.9725400540764175
86,352,33.0,11.1,white,0.0,,4.4209701202425515,4.025261914603092
87,815,27.0,10.6,white,0.0,,4.907982979938878,4.8017063672531215
88,642,24.0,10.1,rose,0.0,1.6272261558432364,7.196985655015148,7.117897742180159
89,643,24.0,11.8,red,0.0,,5.376186470422599,4.746562147312696
90,85,30.0,11.1,rose,1.0,15.071341831187636,5.095867475254355,4.847014910557149
91,403,34.0,10.8,red,0.0,,5.064752718952787,4.494011498497555
92,460,26.0,10.6,rose,0.0,,4.806131596279134,4.056466512752904
93,445,32.0,10.8,rose,0.0,,6.260650808265304,4.4047636260042555
94,390,30.0,10.0,red,0.0,15.458542241311465,4.372955581457881,3.8784772352502532
95,517,20.0,11.4,,0.0,2.5362623710955687,6.8791738224282515,6.60485329492584
96,31,34.0,9.6,rose,0.0,10.508550954254027,8.636183013418165,6.950102367140193
97,898,31.0,12.1,red,0.0,,4.57174376843801,3.927127343709837
98,750,32.0,9.5,red,0.0,,5.145077234955632,4.985088653988417
99,553,32.0,11.6,rose,0.0,,6.309501398108518,5.788252042726139
100,787,23.0,11.0,rose,0.0,,5.515472742613335,5.556317068251012
101,198,33.0,11.1,red,0.0,,6.729950467989575,6.153456596505519
102,317,27.0,9.3,rose,0.0,3.8230290620380796,6.209827213388261,6.566279396674422
103,329,34.0,11.1,red,0.0,,4.271468842572845,3.8712861888588206
104,727,24.0,8.8,red,0.0,,6.68515902854558,7.04420806458411
105,244,24.0,10.7,rose,0.0,18.77317303677022,4.501661659156534,4.25373583979339
106,735,24.0,11.7,,0.0,,5.089906919498794,4.3305783277209
107,401,34.0,10.6,rose,0.0,,5.444686595081132,4.248142395631928
108,84,20.0,11.1,red,0.0,1.9634860116341322,7.080343675957794,6.020282871542564
109,66,31.0,10.5,rose,0.0,,5.07546440129543,4.3474774536713054
110,152,24.0,13.1,rose,0.0,,4.533239423170893,3.2007868462422566
111,700,20.0,10.8,red,0.0,17.53014894900496,7.482386229876737,7.110981377308488
112,1002,10.0,,,20.0,,7.5,7.5
113,158,24.0,13.2,,0.0,,5.277200568485511,4.621118466790905
114,558,29.0,10.3,red,0.0,7.5912619431576225,4.6067302734247955,3.439363751151718
115,765,31.0,10.9,rose,0.0,,4.070002603904607,2.8922527714006208
116,593,30.0,11.6,red,0.0,18.31441478410105,6.740967068035081,5.819951057762249
117,840,34.0,11.2,red,0.0,,5.682792718634303,4.357003002540747
118,857,20.0,10.5,red,0.0,,8.665502524042186,7.887311547888862
119,520,28.0,10.3,rose,0.0,6.082486392493498,5.491725801422591,5.31957250156873
120,330,25.0,10.9,red,0.0,,5.531850709354572,4.683174650101555
121,177,28.0,12.4,rose,0.0,16.99801434068344,5.677731399902401,4.862726984495033
122,442,25.0,11.6,white,0.0,,5.95682155748419,4.766532387851707
123,674,27.0,11.2,rose,0.0,,5.288965316093452,4.326318128425923
124,213,24.0,10.5,rose,0.0,,4.618056644452733,4.3473519426305005
125,566,30.0,10.5,rose,0.0,,4.682299598498223,3.977768502190683
126,725,22.0,8.8,rose,0.0,,4.688088323250261,3.0183520135293227
127,314,33.0,12.0,rose,0.0,1.629796511404456,4.718990241634208,4.620949318899365
128,306,27.0,9.4,red,0.0,,7.047245996119859,6.94511210590311
129,268,26.0,9.8,rose,0.0,,4.859153926941516,4.7108781055123545
130,526,29.0,10.0,rose,0.0,10.148526724001274,5.20558434186896,4.513394042873791
131,630,25.0,11.2,rose,0.0,,6.156684428787735,6.6290504662459515
132,560,27.0,11.4,white,0.0,,5.210771760531635,4.7439115705888355
133,721,32.0,10.4,red,0.0,,4.796427547248984,3.77914326067563
134,263,31.0,13.2,rose,0.0,12.552914383378326,6.053867248654346,5.815111411297302
135,368,21.0,11.3,red,0.0,,4.978522709816767,4.569393749642033
136,430,31.0,10.9,rose,0.0,,6.1573357040414916,6.2361597040516425
137,907,24.0,10.9,rose,0.0,,5.071826241218597,4.777995060983515
138,965,22.0,11.2,,0.0,,4.833965480963945,4.183501191719076
139,565,25.0,11.3,red,0.0,,4.8075300892600685,5.344811377551576
140,346,28.0,9.0,rose,0.0,,7.298239276384315,6.513448481787067
141,1004,,12.3,rose,,2.0,,
142,953,21.0,10.2,red,0.0,,5.855803160279519,4.449016505499195
143,444,33.0,11.6,rose,0.0,,4.736592709567372,4.500645546455056
144,961,32.0,10.1,red,0.0,5.818930053894657,5.547738380790595,4.345423900761821
145,583,34.0,11.3,rose,0.0,,5.605911450569845,4.906131139578627
146,612,26.0,11.0,,0.0,,4.680097513681219,5.270413130354532
147,296,30.0,9.8,red,0.0,,4.825519301092904,4.071543820896199
148,672,20.0,10.9,red,0.0,4.313555433158223,4.750478826584833,4.144092634779999
149,930,29.0,11.6,red,1.0,,5.924046405846791,5.005562513678778
150,949,23.0,10.0,white,0.0,17.298718693444066,4.310798076739385,3.9560795656713093
151,984,28.0,11.9,white,0.0,,5.732214329015326,4.5992983566676156
152,699,23.0,9.2,red,0.0,,4.941000680010489,4.352535467501126
153,542,31.0,10.7,rose,0.0,8.200005247857314,6.4380444351133175,5.320025680240486
154,710,24.0,10.7,red,0.0,14.000929293386745,4.862630443069701,4.936043523906068
155,281,28.0,11.0,rose,0.0,13.998339902108189,5.144617229892762,5.401432320913161
156,607,29.0,12.1,white,0.0,,7.009346968030455,6.08295927614545
157,173,20.0,10.8,rose,0.0,1.1752208219170905,4.788711731201065,4.439443526378191
158,473,28.0,10.9,white,0.0,5.28842732696819,5.434001485603289,4.521626610957786
159,610,24.0,9.2,rose,0.0,,5.463239467848407,4.284350968874524
160,289,21.0,10.4,red,0.0,11.972447395380284,4.476623570199951,4.512877343897337
161,366,25.0,13.4,rose,0.0,,6.256500736456321,6.296817093235155
162,236,32.0,10.9,white,0.0,,6.015299403963459,5.894655982090917
163,702,29.0,10.3,red,0.0,,7.395279522190355,6.366141063936699
164,597,29.0,11.4,white,0.0,4.046640155989911,7.132318142930419,5.628767742648973
165,993,30.0,10.5,rose,0.0,,5.100050401918861,4.288970121747368
166,392,23.0,10.8,red,0.0,,4.33134499947079,3.8608670507346345
167,836,28.0,11.4,red,0.0,,5.424314528157801,5.77075124770115
168,832,28.0,10.1,,0.0,3.8411191380621483,6.543420315672528,6.080861884817821
169,900,30.0,10.2,red,0.0,8.818316878257354,3.9202152299388673,2.3079621474342367
170,468,27.0,11.9,red,0.0,9.99924593931376,5.785511923611795,5.183058294981029
171,148,21.0,12.0,rose,0.0,,6.452037325021216,6.229706420365352
172,716,23.0,10.6,rose,0.0,,4.694825318369428,4.176088777058439
173,146,30.0,10.4,,0.0,,6.145995349368327,5.430521786495608
174,18,24.0,10.5,red,0.0,,4.435902153299711,3.2590528500371234
175,913,28.0,10.3,red,0.0,1.2012460103424303,5.719100071372812,4.899820260689567
176,682,30.0,12.3,white,0.0,,6.299144496526201,7.045361513045188
177,139,30.0,11.1,red,0.0,4.627983065605395,7.560748504590563,6.879057612752025
178,779,20.0,11.0,rose,0.0,,4.419440563722265,3.6311632319843654
179,756,34.0,10.5,red,0.0,,5.436704902632188,4.805655399352691
180,45,32.0,10.2,red,0.0,,5.491839821494403,5.062240226418052
181,385,27.0,11.5,rose,0.0,,5.051776790944032,4.162880265891156
182,408,27.0,9.4,red,0.0,,4.857875528297955,4.325986947809203
183,812,32.0,10.1,rose,0.0,14.240837128179244,5.073907277538151,4.546609066774466
184,159,22.0,10.9,white,0.0,19.968990857914818,5.48506808646153,6.128421187403224
185,251,21.0,11.0,red,0.0,11.514451098675949,5.697391021575972,6.106085471370703
186,764,22.0,10.6,rose,0.0,,5.272821635899133,4.616755602223794
187,465,24.0,11.2,red,0.0,,6.914999078035884,5.648648144597556
188,433,26.0,12.3,white,0.0,6.259582811636369,5.022700616622736,5.081431242742768
189,698,22.0,10.8,red,0.0,17.768553770528907,6.73718466965833,6.051381130588247
190,652,26.0,12.2,white,0.0,2.979490338978649,4.7916144729054615,4.229605898462134
191,214,30.0,10.4,white,1.0,,4.72172553642288,4.3260991159712345
192,46,33.0,10.4,red,0.0,,4.429228382787162,3.437607195843392
193,224,30.0,12.3,white,0.0,1.7075767365312824,4.754879107500138,4.260785327097653
194,1007,,14.0,rose,,,4.2,4.2
195,241,21.0,11.6,white,0.0,2.88913912793208,4.787723368946432,4.438736337432488
196,912,21.0,13.8,red,0.0,,5.011452413861979,4.230680193564904
197,628,25.0,11.5,red,0.0,2.3246484119974236,5.008330239211576,4.235786779145594
198,380,20.0,9.6,rose,0.0,,6.845226716918748,5.183008714247643
199,985,23.0,9.8,rose,2.0,,7.171232840914275,6.1441856930866985
200,68,31.0,9.2,rose,0.0,,5.055869469156818,4.52865651961114
201,438,22.0,11.1,white,0.0,,5.1913466787917155,3.974079554985539
202,204,29.0,10.7,red,0.0,,6.162113183508781,5.474538004501073
203,238,31.0,10.8,red,0.0,,5.624314688903608,5.940221418409417
204,858,31.0,11.0,red,0.0,2.4233818810234986,5.606881813563873,5.567831050856876
205,203,23.0,9.8,rose,0.0,15.9573062104037,4.813175023433816,4.110194167629156
206,337,29.0,11.8,red,0.0,,6.880720143719094,6.84484929624435
207,959,23.0,10.8,white,0.0,,4.366891414110662,3.262434833210626
208,208,26.0,11.4,rose,0.0,,7.162536599867536,6.803767650630743
209,666,28.0,8.4,red,0.0,,6.326655638954734,5.207524585896669
210,512,22.0,10.4,rose,0.0,,5.707106504105256,4.93736896905504
211,644,23.0,10.1,red,0.0,,4.941088421841504,4.819908869392339
212,145,32.0,12.7,rose,0.0,,5.182284956360929,5.052944765727582
213,258,31.0,10.9,white,0.0,,5.562254210992577,4.311687541425738
214,793,31.0,11.7,rose,0.0,,4.27852400084013,4.4276597925022845
215,804,22.0,10.9,rose,0.0,18.912099471834683,5.445316136194828,3.4594765858000467
216,288,24.0,11.1,red,0.0,8.259980260086024,6.110601805092868,5.346314302500376
217,338,33.0,10.3,white,0.0,,5.667205526953057,5.379394559965228
218,608,34.0,11.1,rose,0.0,15.37150708718355,3.8,3.583020557864979
219,868,28.0,12.9,red,0.0,19.595975027649263,5.7463444780029995,5.060094061934714
220,522,25.0,10.2,rose,0.0,,4.353162246235478,4.322577349836465
221,347,34.0,10.3,rose,0.0,,5.153554899626707,4.693760506255545
222,344,27.0,11.8,white,0.0,,5.483785696989086,5.177510307603462
223,186,21.0,11.4,red,0.0,,4.439152131091684,3.3220492522645935
224,121,30.0,9.4,,0.0,,5.060661539092029,3.811102555235819
225,81,28.0,10.3,red,0.0,,4.918267401555089,3.9162628308436687
226,269,22.0,11.0,red,0.0,,6.196541754790463,4.280972749687201
227,256,22.0,12.0,red,0.0,,5.348690761353375,5.421748294435266
228,613,29.0,13.0,rose,0.0,7.016114375758844,7.646392902395505,6.453291210773244
229,915,27.0,9.1,red,0.0,15.746237070179742,5.064235400011123,4.762892550542194
230,748,22.0,12.6,red,1.0,,4.714606025810657,3.9007824512813163
231,151,30.0,10.7,,0.0,,6.400086078361596,5.942759455047946
232,926,24.0,11.1,rose,0.0,17.775980268643973,10.967237010238968,8.825303263539505
233,753,21.0,10.3,white,0.0,,5.258134341660549,4.028037930645789
234,564,29.0,11.3,red,0.0,,6.7424428404342525,6.696879913996194
235,449,21.0,12.1,rose,1.0,,6.8771107346461005,5.821031496029749
236,561,30.0,11.4,red,0.0,6.316795982705081,5.849027051619989,4.909993648083221
237,101,24.0,11.1,red,0.0,,4.724238604699304,4.215200268315073
238,484,26.0,8.8,red,0.0,,7.283154602057996,5.454558699548513
239,264,24.0,11.5,red,0.0,,7.867117653719648,7.337040461513142
240,411,28.0,12.5,,0.0,4.526303370484451,4.659869060492401,4.043530962777397
241,218,32.0,9.1,,0.0,7.149582723649191,5.445294985757031,4.60240865239906
242,321,21.0,10.8,red,1.0,,5.435890194457757,5.0141668396371655
243,1003,12.0,11.5,white,,1.5,6.0,6.0
244,1007,,14.0,rose,,,4.2,4.2
245,589,29.0,10.8,red,0.0,,4.881110528977035,5.270255348367214
246,419,22.0,10.1,red,0.0,18.027744123772568,6.107008035995633,5.038280500557922
247,421,33.0,10.0,rose,0.0,,6.180776991678867,5.264068691157803
248,590,28.0,11.8,rose,0.0,,6.495846209638935,5.3848055907981935
249,611,34.0,12.3,red,0.0,5.019824661384232,6.4928312458905815,5.537014434442283
250,865,30.0,11.3,red,0.0,,6.580696643691827,6.272898183387469
251,219,21.0,11.7,white,0.0,,4.427323261332603,3.6132088154842235
252,215,32.0,11.0,red,0.0,,5.9673920330929375,4.426966058034546
253,931,23.0,13.6,rose,0.0,11.441443430774562,5.032997345975328,4.990052839107371
254,491,34.0,10.8,red,0.0,,5.699709316875017,4.6555646883858355
255,587,34.0,10.8,rose,0.0,,4.9743454439967945,4.000316202403694
256,351,22.0,12.0,red,0.0,,5.858645459477751,5.670153842023842
257,821,30.0,12.6,,0.0,,6.1816796662043,5.6061584222757235
258,404,33.0,10.8,red,0.0,,5.645669245630839,4.877677753374208
259,692,20.0,10.8,red,0.0,12.994078574582712,5.975585869106874,5.389327774820952
260,800,33.0,12.1,red,0.0,,4.635817885019814,3.8812457172903922
261,938,24.0,9.9,red,0.0,,6.483458312374965,5.327314826484205
262,183,23.0,9.7,white,0.0,1.9303464040475928,5.2056170684546625,3.5918131398823183
263,656,23.0,11.7,white,0.0,,,
264,596,23.0,12.1,red,0.0,,8.285909892998575,7.536190525901843
265,866,28.0,10.8,white,0.0,,4.627336123393719,3.53183170531629
266,171,33.0,10.5,,0.0,,4.5071929648798195,3.117561512142384
267,302,25.0,11.1,white,0.0,2.7553129326695602,5.988746394613234,4.797898315548683
268,78,26.0,9.8,red,0.0,,4.741788544242612,3.6388717893356537
269,378,25.0,10.4,red,0.0,4.939115140486502,5.902365203799844,5.201708553658885
270,626,21.0,10.3,rose,0.0,,5.647484645549456,5.545658554243696
271,659,31.0,10.1,white,0.0,,6.160053284182894,5.021974725219142
272,277,30.0,,red,0.0,,8.018796337839657,7.280847196744076
273,182,24.0,12.5,red,0.0,,5.640821033862313,5.700595758291183
274,316,21.0,11.1,red,0.0,11.582467708372054,5.951671238663945,5.854867660622509
275,5,28.0,10.4,rose,0.0,16.129321324929595,4.721396017881675,3.4555779776023607
276,124,27.0,11.1,rose,0.0,14.797598947776002,4.779467263976983,4.343688092043824
277,298,21.0,11.7,red,0.0,,5.015586662231559,4.052880763059638
278,675,22.0,11.7,red,0.0,,6.244071991128013,5.4875354451331715
279,474,29.0,11.9,white,0.0,16.617470250486633,8.092974909090557,7.546644918253037
280,39,20.0,11.7,rose,0.0,,5.396441768741888,5.293760092808635
281,120,27.0,10.7,,0.0,10.50483042115252,6.269365442344162,5.968091621172161
282,355,26.0,10.6,red,0.0,18.38132343816901,4.582333639103514,4.409299095624238
283,641,33.0,11.3,red,0.0,,6.427819803616545,4.92038658282607
284,967,27.0,11.4,white,0.0,,5.4920148624829555,4.958508325668774
285,722,32.0,11.1,rose,0.0,,5.380355563069891,5.116871367278031
286,627,34.0,10.0,rose,0.0,,6.172475321137053,6.182823872201751
287,440,26.0,12.5,rose,0.0,,5.560480089131042,5.510681440531379
288,118,24.0,11.7,,0.0,6.302703669828575,7.016437406264419,6.007665552352359
289,914,27.0,10.4,white,0.0,,8.349364635738052,7.877923608748795
290,781,25.0,10.4,white,0.0,,10.174036179227627,8.425620318181148
291,372,28.0,10.4,red,0.0,1.8439990627051213,8.380378023791359,7.375944759108038
292,897,20.0,11.1,red,0.0,8.80757074395315,6.787617687012347,5.992908002869824
293,690,34.0,12.0,white,0.0,,4.534791026998791,3.3071163363822214
294,514,30.0,10.7,white,0.0,,4.9805051045552755,4.876210662836009
295,782,24.0,13.0,rose,0.0,,5.743972784065079,4.659491120507711
296,143,32.0,10.5,white,0.0,18.724043215869045,7.374700054225414,6.975012810806972
297,687,30.0,10.6,rose,0.0,,7.021827258951426,6.245624535400222
298,187,20.0,9.9,white,0.0,,5.999874193585489,4.179159043120238
299,718,30.0,12.1,rose,0.0,5.517933743540434,6.422596333188429,5.723891082139394
300,567,33.0,12.1,rose,0.0,2.200341588285463,7.046489767305706,6.270103718665053
301,660,25.0,10.6,white,0.0,,6.534107745967707,5.86499145838363
302,176,20.0,11.0,red,0.0,,5.519062314329696,5.858606685918037
303,892,22.0,10.6,,0.0,,4.855078035767932,5.000238643777871
304,979,29.0,9.4,red,0.0,14.009825036236155,7.222117736248769,5.689181589256835
305,402,31.0,11.8,white,0.0,,4.42325064999669,3.6583297737946934
306,451,25.0,12.1,rose,0.0,,5.329964163711459,4.314095277877242
307,595,31.0,10.6,red,0.0,,4.910858888378613,4.424397821192717
308,178,23.0,10.9,,0.0,,6.972460568241087,6.447438911273007
309,557,29.0,10.3,rose,0.0,10.56080114106822,5.165359472495103,2.793217679945875
310,972,26.0,11.7,,0.0,,5.175650134681089,4.573814510868946
311,525,28.0,13.2,white,0.0,9.258041224397044,5.596088168346783,4.37438899340448
312,300,33.0,12.1,rose,0.0,,4.933706528082476,4.9331322668254245
313,870,23.0,9.8,rose,0.0,14.062278561362895,5.521164646727938,5.246877908227961
314,770,22.0,10.6,red,0.0,10.171834912305497,6.135840827411608,4.704525048700172
315,802,24.0,11.4,red,0.0,,5.321819797239661,5.051071001574867
316,511,24.0,11.5,rose,0.0,10.468134618553403,5.4204748431945635,5.225372331145306
317,538,31.0,11.9,red,0.0,,5.393973786004821,4.565808909882972
318,359,28.0,10.6,rose,0.0,,4.893364166995094,4.94692899051541
319,280,30.0,9.4,red,0.0,18.73097784206249,5.422995968662677,4.602521703748355
320,640,34.0,9.9,,0.0,,6.54053382925633,5.183305885266295
321,759,27.0,10.7,white,0.0,,6.018591314882088,4.994367057296667
322,747,21.0,9.8,white,0.0,,4.875631858474756,5.084647592536391
323,114,27.0,9.6,rose,0.0,,6.124438226708366,5.797837593910954
324,571,34.0,10.4,red,0.0,12.908832765050246,4.793179060992809,4.915119383692431
325,181,28.0,11.1,rose,0.0,,4.633831297892074,4.21291492273752
326,500,25.0,11.3,rose,0.0,10.91437577130195,4.7774721677963505,3.383574388173725
327,948,30.0,11.2,white,0.0,3.271707209775566,5.031366275359841,4.114704101920122
328,669,34.0,13.0,red,0.0,16.224280985949953,4.86879924291998,4.575431419058789
329,510,24.0,13.0,red,0.0,,5.595336088837186,4.485813344696584
330,112,32.0,12.3,red,0.0,,5.512202105893003,5.37508167618642
331,96,33.0,11.1,rose,0.0,,4.562926717903212,3.845239061594046
332,179,33.0,10.8,rose,0.0,9.434891528228553,4.09371941341823,4.146702784886702
333,201,20.0,11.8,white,0.0,,5.558063507084241,4.824060056121755
334,497,30.0,12.2,red,0.0,,7.882368615324564,7.420274646031075
335,301,30.0,9.7,rose,0.0,,4.2865363596657655,3.2615022952022454
336,479,31.0,12.3,red,0.0,7.853634064955385,6.786866673050663,5.870119231973353
337,333,33.0,10.7,red,0.0,15.712428203094431,5.560701862508003,4.94507417228917
338,119,24.0,10.4,red,0.0,,6.698445584775953,5.522188384586618
339,311,20.0,11.3,white,0.0,,4.974483167106947,4.227250169504992
340,618,22.0,9.9,rose,0.0,5.950484570129318,5.014831153552959,4.286813407812715
341,862,34.0,11.5,white,0.0,,5.170377136309975,4.427642031641331
342,719,31.0,9.9,red,0.0,,4.771673181896571,4.24637483938049
343,605,27.0,11.2,red,0.0,,6.251938179808503,6.430493428641916
344,579,23.0,10.4,red,0.0,19.15542236704915,5.276240422354834,4.041489647383781
345,739,30.0,11.0,red,0.0,16.79441994179735,5.446583252229094,4.981847235621112
346,108,28.0,9.7,rose,0.0,7.1696302753687755,5.992854550400262,4.693945781298769
347,808,30.0,11.1,rose,0.0,11.163662008505824,5.29324367085145,5.046991787109364
348,110,26.0,9.8,red,0.0,3.976445539619917,5.711868053798708,4.117598495945957
349,418,21.0,11.7,red,0.0,5.8762039736462945,8.671129175567462,7.926291997652847
350,887,24.0,12.8,rose,0.0,11.529910377075517,5.032558959688567,4.326069019771345
351,233,23.0,10.2,rose,0.0,6.728640133737548,5.99038992067136,5.679591635370354
352,654,25.0,10.8,red,0.0,12.404195467845705,5.703505805289408,5.7250327363626266
353,746,27.0,10.2,rose,0.0,,4.9168363407586035,3.876610063859835
354,676,30.0,11.5,,0.0,15.700503895771057,5.598904048142689,4.408524741120051
355,417,34.0,9.3,red,0.0,,5.905282329580925,5.480495840425938
356,336,25.0,10.4,,0.0,6.528525251305797,4.356275069189424,3.7466022206938234
357,928,22.0,11.7,rose,0.0,10.264341849853018,4.366529829262639,4.158066432707088
358,169,25.0,11.6,rose,0.0,,4.671398046934524,4.681214448882343
359,191,30.0,10.3,white,0.0,,5.697695842840356,5.445992937057117
360,670,28.0,10.3,rose,0.0,,5.745587489478461,4.919767087627793
361,768,31.0,11.1,red,0.0,,5.013772114932929,4.954765889641501
362,180,29.0,11.9,rose,0.0,15.88187313203442,5.550763734100724,4.944065633926834
363,773,22.0,13.0,rose,0.0,8.678702278853063,6.7243610889653205,6.099382501956155
364,883,25.0,11.2,rose,0.0,8.588628030387728,5.306620005948121,4.079999872041541
365,694,21.0,11.4,white,0.0,,4.493319271486574,4.98710538256055
366,33,26.0,10.9,white,0.0,5.371270741286292,7.511246868990523,6.909026685266667
367,819,21.0,10.6,white,0.0,,5.950919114999072,6.2104340876268855
368,499,32.0,12.1,white,0.0,,5.03505783138607,3.9244410981030624
369,845,34.0,11.4,white,0.0,,5.792010810013531,4.968547467128922
370,247,33.0,9.8,white,0.0,,4.640951592397078,4.006938932536645
371,319,24.0,9.3,,0.0,,4.8561722939160905,4.646309825325807
372,631,23.0,11.0,white,0.0,,4.4141351667158695,3.7023205425181285
373,72,24.0,10.4,white,0.0,6.605890012381648,6.609856489333127,5.524179455413032
374,680,30.0,10.9,rose,0.0,,5.106611710017715,5.105439422223386
375,646,23.0,11.9,red,0.0,,6.482540208090755,5.763548010119925
376,963,23.0,11.4,red,0.0,3.682622818797365,5.337755783867426,4.2560569386944085
377,10,28.0,11.2,red,0.0,,6.1124375006198655,5.949698632928301
378,801,28.0,9.1,rose,0.0,,6.0914264703642775,5.495361648861696
379,161,33.0,11.7,red,0.0,,5.174969552435206,4.937512062224434
380,950,28.0,11.9,,0.0,,5.530227105630464,5.174593647991085
381,713,31.0,9.3,rose,0.0,13.936495105927778,5.792265246655088,4.6308153955124265
382,818,25.0,11.3,rose,0.0,10.687779013574161,6.081840924479634,5.120686719585077
383,70,31.0,10.9,red,0.0,,5.037285794645017,4.5969234512264
384,75,28.0,10.7,white,0.0,,5.3995532276452565,4.345854672569179
385,106,28.0,10.2,rose,0.0,,5.771201360888682,4.629859821582997
386,616,23.0,12.5,rose,0.0,3.2900107239359127,4.749731512688843,4.627213502331134
387,431,34.0,10.9,red,0.0,15.573168554648722,4.620179862917352,3.592355553398625
388,86,22.0,11.8,white,0.0,,5.0535518478472525,5.175991165672107
389,2,33.0,10.5,red,0.0,,4.759205105391526,3.5150747826454216
390,82,33.0,11.9,red,0.0,15.905546129206527,7.838425979528823,6.673273869912669
391,448,32.0,11.4,red,0.0,7.544105790126743,6.039082373145316,6.324812119880467
392,506,29.0,9.8,rose,0.0,,5.201238700463872,4.182362039556255
393,844,29.0,14.0,red,0.0,15.8739680280072,4.871424839434114,5.377240191639876
394,809,30.0,9.7,rose,0.0,2.8664912499337882,4.7906478157062935,3.8403376174264343
395,798,24.0,10.3,red,0.0,13.781491412768558,4.852737054205641,3.763623697974107
396,531,34.0,9.5,rose,0.0,,4.996323173885358,4.729583367587776
397,968,21.0,11.9,red,1.0,8.420456120538091,7.390305283688368,6.307594651538538
398,65,31.0,11.0,rose,0.0,,5.393957500605788,4.683358697242436
399,901,20.0,10.0,white,0.0,9.326018756753268,7.209511705018361,5.653175420424734
400,749,29.0,11.1,white,1.0,,4.30320652019056,3.456617203197237
401,771,34.0,11.2,white,0.0,,5.298857225098881,4.636882556989859
402,415,26.0,11.0,rose,0.0,,5.037300315943506,4.933626823312066
403,297,30.0,12.4,red,0.0,,5.83091142646224,4.631364178908081
404,580,26.0,11.0,red,0.0,8.819187650879961,7.5822985500023705,6.017575049116703
405,696,25.0,12.7,rose,1.0,,5.70166377811774,5.513485767121548
406,44,34.0,11.5,rose,0.0,,4.845354068748117,3.825860814104832
407,334,29.0,11.5,rose,0.0,4.796824832887162,6.081612196942901,5.329709153755861
408,1006,,,red,,3.5,8.3,8.3
409,916,20.0,12.1,white,0.0,12.683805570804877,6.42249141679717,4.487668304682855
410,283,25.0,11.6,red,0.0,,5.367278629156217,4.4171610727123864
411,197,21.0,10.3,white,0.0,7.419860751364326,5.1853344014094995,4.823240691542877
412,149,21.0,10.7,rose,0.0,,4.883500380491685,3.6035405974874317
413,574,21.0,10.6,white,0.0,,4.6208077801151,5.483188965493883
414,633,24.0,11.6,white,0.0,,5.439251515888116,4.010535129881584
415,476,31.0,11.5,white,0.0,,4.894983165755902,3.778960829613876
416,544,24.0,10.8,red,0.0,,4.586104383177185,3.497895209943538
417,501,26.0,11.9,rose,0.0,,5.957288253161402,4.4439598243864395
418,661,24.0,11.2,red,0.0,8.376215168425226,5.346197896647594,4.60662906114007
419,507,29.0,11.4,white,0.0,1.7085888296691043,4.68507903372727,3.7275502728317855
420,266,21.0,12.1,red,0.0,,4.5716297175335345,4.215376396840319
421,995,28.0,11.6,rose,0.0,,4.657965281113941,4.051345069943099
422,52,34.0,10.3,white,0.0,,4.794669772689572,2.9924005597364367
423,604,24.0,10.6,red,0.0,14.008157718551605,6.5553519860947596,6.4161964905361435
424,462,25.0,8.4,rose,0.0,,5.431926708198614,4.9765972621461945
425,1,22.0,11.7,,0.0,,5.104027908121812,5.23205514266943
426,350,31.0,10.3,red,0.0,,5.487068284998924,4.545920769979871
427,393,32.0,11.8,red,0.0,,4.971925799625758,4.571306018509879
428,160,32.0,9.5,white,0.0,8.377195992984428,5.468625530372807,3.917447980373156
429,992,28.0,10.0,red,0.0,,5.533762705707497,4.799400661425124
430,772,30.0,12.4,rose,0.0,,5.208247196877224,4.392055814123178
431,360,24.0,11.2,rose,0.0,,6.804550116431088,7.152676911416993
432,184,28.0,13.1,rose,0.0,,5.178249019614599,4.171329388585525
433,899,32.0,10.3,,0.0,17.126075540187454,5.830964772557488,4.622805055155264
434,205,32.0,12.3,red,0.0,,5.86160218786026,5.4977949474362315
435,983,33.0,10.3,rose,1.0,,5.752598742484093,5.285411512184431
436,977,21.0,10.8,white,0.0,,4.4518815312930595,4.418253196274754
437,736,23.0,11.6,rose,0.0,7.620753179750897,4.839430358651348,3.800301993517869
438,741,27.0,12.2,rose,1.0,17.324630294356734,4.651181839498808,3.950869876217083
439,685,22.0,13.0,rose,0.0,10.151973185299617,5.335805991808158,5.2911990007594945
440,111,24.0,10.3,white,0.0,,5.279359269788295,4.539971960337267
441,245,33.0,10.5,red,0.0,3.4287933702185818,4.4388103994798485,4.170129462268202
442,20,32.0,11.3,white,0.0,17.753656254205094,5.897638579120825,5.2089076086011294
443,466,32.0,11.8,white,0.0,,4.591328538413459,3.8088549882500815
444,371,26.0,10.6,white,0.0,7.574203652307677,4.888232566617819,4.962399717067666
445,684,33.0,11.9,white,1.0,,5.340966002853757,4.58218962465587
446,705,32.0,12.6,rose,0.0,,5.799318938919587,5.103895853373153
447,516,33.0,11.9,white,0.0,3.5668941615931864,7.032578086194867,6.216198236382853
448,11,27.0,12.0,white,0.0,,5.754820100608667,5.412082059123317
449,255,22.0,10.5,red,0.0,,4.8775199350152425,4.481587924725409
450,987,21.0,11.1,white,0.0,,4.964039878915699,5.474475334369056
451,248,30.0,11.1,red,0.0,,4.284405561908427,3.1269991315807335
452,342,20.0,11.8,red,0.0,,4.52015819550867,3.9516105387270355
453,423,28.0,10.0,rose,0.0,,5.486383131517664,5.668563262418356
454,35,33.0,12.1,white,0.0,,4.841605837676554,3.7940914044253873
455,518,23.0,10.8,red,0.0,,4.851198705121102,3.3662232699517576
456,272,21.0,10.1,white,0.0,1.4275873356243673,5.85833981208446,4.687173592231315
457,877,29.0,11.7,red,0.0,,5.93282702762566,6.17076828849197
458,527,29.0,11.1,rose,0.0,12.177136066855544,5.602884870659783,4.382476944034928
459,863,32.0,10.2,rose,0.0,,5.4382064784150375,5.246163809826474
460,400,32.0,9.6,red,0.0,,5.023258338412161,4.491099402538818
461,976,21.0,10.8,,0.0,19.435945932781788,7.883823219593045,6.881360505246437
462,578,31.0,10.2,red,0.0,,5.501154728223681,4.925065591398057
463,388,30.0,12.8,rose,0.0,,5.171364767372353,4.850754067435852
464,947,23.0,10.3,white,0.0,,6.110308581834914,4.952448872965834
465,443,22.0,12.4,red,0.0,,5.0191169854754945,4.17282867405927
466,896,25.0,10.3,rose,0.0,,4.508761061804785,4.165774718595445
467,701,26.0,10.7,white,0.0,,4.980096271398847,4.982843715351464
468,253,31.0,9.6,white,0.0,,5.98047279721493,5.242945150723416
469,585,30.0,8.8,white,0.0,,6.649697379837743,6.91594898338786
470,216,24.0,10.8,rose,0.0,,4.856762558932044,4.951283373915648
471,841,26.0,10.9,rose,0.0,,4.7491427510022,3.7681296000665143
472,4,23.0,11.6,red,0.0,,6.69292108325776,5.392734416322422
473,377,20.0,10.7,red,1.0,13.222729418462254,5.808516879965167,4.6838092915819525
474,122,25.0,10.0,red,0.0,,5.72357556722087,5.818327108105342
475,830,20.0,10.2,red,0.0,7.899300472433243,4.532065502619391,3.2677756889359597
476,869,21.0,10.2,rose,0.0,,4.861374664156216,3.8170710977677094
477,592,22.0,11.8,red,0.0,,9.043482359733702,9.642312206074855
478,973,27.0,10.4,rose,0.0,,5.371781746472874,4.168521237638987
479,586,28.0,10.0,,0.0,10.784002583517845,6.356921513191157,4.827511285990827
480,437,26.0,9.8,white,0.0,16.601516756953387,5.200018865938922,4.393479810130997
481,624,25.0,8.7,rose,0.0,15.207971600942331,6.7040837906885855,6.039443668617358
482,88,33.0,11.3,red,0.0,16.29694975478334,6.157813718998279,5.6362101221064025
483,485,32.0,13.1,white,0.0,,4.294445919474987,3.5815899137301246
484,439,28.0,11.9,rose,0.0,18.511974783516866,4.28850085541197,3.2548391710860063
485,89,32.0,11.0,red,0.0,,4.804726174494227,4.850889619959599
486,568,21.0,13.0,rose,0.0,,6.090969123491542,6.974479855296501
487,487,26.0,10.1,red,0.0,,7.907094023623151,6.878049532943049
488,432,26.0,12.2,white,0.0,11.595364087352005,6.38760704885561,5.1213449182492345
489,945,20.0,9.7,white,0.0,,5.858793923400067,4.47751624149913
490,220,32.0,9.8,rose,0.0,,6.124103701396146,6.3334946652251745
491,667,22.0,11.0,white,0.0,7.383665476083231,4.78060358487437,5.325262964841747
492,109,25.0,12.1,red,0.0,,5.4076913025697735,4.7216008652228005
493,962,22.0,10.1,red,0.0,9.092563482281513,5.2423430273242015,4.3279560704288205
494,87,24.0,11.2,white,0.0,,7.406444010638501,6.045054320368619
495,581,23.0,10.8,rose,0.0,,6.212114367493941,5.73510846328831
496,724,29.0,11.4,red,0.0,,6.35518282942106,5.032496131582792
497,461,23.0,11.7,white,0.0,11.093197776802933,,
498,937,34.0,11.0,red,0.0,,5.697096554862163,4.751614662205881
499,80,34.0,11.1,rose,0.0,18.432498048177038,7.3360058474496,6.283790564573996
500,95,30.0,10.4,red,0.0,7.231362379054274,5.4186943069956985,4.633873904346596
501,125,32.0,10.4,rose,0.0,8.177717377383178,5.1314355039397705,3.7021734046696224
502,242,20.0,9.3,rose,0.0,,6.299555708190841,6.324234830387536
503,555,34.0,11.4,red,0.0,,5.280446011775609,4.128804712749625
504,707,33.0,11.2,rose,0.0,,5.49186720119168,5.4397599920729105
505,594,20.0,11.0,white,0.0,12.149773000117847,4.601033391225344,4.485426659619662
506,387,31.0,10.6,rose,0.0,,5.229239808794021,5.478538740465571
507,663,27.0,9.4,white,1.0,13.43665451984224,5.018461039653617,4.716355878766976
508,550,30.0,10.2,red,0.0,12.019261187717468,5.129700914717146,4.214824593438278
509,785,25.0,10.9,red,0.0,,6.8793233234297055,6.485010671305749
510,323,30.0,9.9,red,0.0,,6.68472794876189,5.766778048840168
511,795,24.0,11.2,rose,1.0,18.60198037119686,14.2,12.491117079046058
512,410,23.0,10.6,rose,0.0,,10.437808922359222,9.929912000568153
513,679,22.0,10.1,rose,0.0,,4.700080788681283,3.731910467855237
514,920,22.0,11.3,rose,0.0,15.590827370183366,4.1589531718360595,3.559296219908596
515,751,26.0,11.3,rose,0.0,,4.846453037891207,3.936230198664629
516,488,23.0,9.5,,0.0,10.066914299227292,6.218588852795699,5.931455211742966
517,714,24.0,12.4,red,0.0,14.58657597668406,5.443706548422894,4.623003138577461
518,8,33.0,13.0,rose,0.0,3.453404596416485,5.752694198203077,5.132645937441926
519,908,20.0,9.1,white,0.0,,5.569735979301585,4.902265087273984
520,880,32.0,11.3,white,0.0,13.445448660649346,4.360589311188016,4.277214239995918
521,657,21.0,11.1,white,0.0,,5.0318030265863385,4.5601556704363375
522,453,30.0,8.5,red,0.0,,4.23766625089663,4.555168371246613
523,780,30.0,10.2,rose,0.0,,5.414108646545586,5.37734470737306
524,384,27.0,11.6,red,0.0,,5.4912825199598245,4.604592776706464
525,964,22.0,10.6,white,0.0,8.440405189149637,4.3391253022793705,3.9000727630411527
526,282,22.0,11.0,red,0.0,,6.119234679272635,6.3821367441843835
527,645,28.0,8.2,rose,0.0,,5.437437153685412,4.29762330992566
528,175,33.0,11.7,rose,0.0,,7.597590339813877,6.078914763330405
529,1006,,,red,,3.5,8.3,8.3
530,864,32.0,12.3,red,0.0,,5.040849051667833,5.0535346028494885
531,407,34.0,12.2,,0.0,,9.628140423573436,9.098892232599434
532,910,34.0,11.1,rose,0.0,11.241185964245348,5.84919786973097,5.295084969994479
533,285,22.0,12.1,rose,0.0,1.0735136309742142,5.959585998334067,4.681085559033905
534,673,27.0,10.3,red,0.0,17.894146818574526,5.207998319155645,5.1751806825693
535,946,20.0,10.1,red,0.0,11.945818733908498,6.073885259304992,5.270937918541595
536,97,20.0,9.6,red,0.0,18.819964192246598,6.570897407490454,5.480568326889114
537,576,32.0,10.7,rose,0.0,18.74032873519038,5.374917764408567,5.336408419860521
538,757,26.0,10.7,white,0.0,,4.245889596251694,3.277571468615586
539,956,30.0,10.8,white,1.0,3.9444603257716646,4.529844699428398,4.383152758018675
540,14,21.0,9.2,rose,0.0,14.324568353240227,5.402494958076957,4.862145389710293
541,811,21.0,11.2,white,0.0,,5.739971042540421,4.878216752828148
542,848,33.0,11.2,red,0.0,,5.152461207364133,4.749622033691037
543,784,27.0,10.2,white,0.0,,5.459857190503481,4.932936208827405
544,130,34.0,10.6,red,0.0,7.655497892704724,5.772041407684785,5.555627650322038
545,932,20.0,12.2,red,0.0,,5.065121421051253,4.3907297990165235
546,414,34.0,9.9,red,0.0,3.2372280757832312,8.326782630185294,7.1480050214834865
547,450,27.0,10.3,rose,0.0,,5.84917862173284,5.7700093402673955
548,943,22.0,11.7,rose,0.0,16.758503428689735,4.894092328201029,4.122309450757631
549,715,33.0,9.8,red,0.0,,6.344982499755702,6.2851853120347085
550,1004,,12.3,rose,,2.0,,
551,551,28.0,9.9,rose,0.0,4.4270106684017385,6.084606607358673,5.8445219480333925
552,754,23.0,10.8,,0.0,,4.855351607866504,3.735523935114594
553,147,27.0,10.9,white,0.0,,6.508215494215514,6.565391325485133
554,688,22.0,12.1,red,0.0,6.61540182751295,5.617717212526869,5.9343142456248765
555,599,33.0,11.9,red,0.0,13.29668033596065,5.219573422813365,5.874167758105663
556,278,30.0,11.2,white,0.0,,4.636197935434822,5.1477275666667035
557,478,23.0,10.7,red,0.0,,7.090419589345553,5.816201609065712
558,686,23.0,8.7,,0.0,,4.803069051465087,3.53274631373137
559,471,28.0,,rose,0.0,,4.856665274598743,4.112498715987112
560,202,24.0,11.0,white,0.0,14.77507203207056,5.0559791950498765,4.020267958600441
561,221,33.0,13.5,red,0.0,,5.486412469806577,5.686784531200326
562,648,34.0,11.6,red,2.0,,5.6217713538761735,4.664687012224082
563,383,26.0,9.4,rose,0.0,,8.360346793676513,7.567081994599656
564,398,20.0,10.9,rose,0.0,13.79584696555468,6.213043486580922,6.3655048524093205
565,957,28.0,12.0,red,0.0,7.0494106573566775,4.6596649736327205,4.172599155352076
566,249,26.0,9.7,red,0.0,12.254073689895115,6.378846476272859,5.361614715147585
567,307,30.0,10.9,red,0.0,,6.704188034920449,5.873665506730893
568,76,31.0,11.2,rose,0.0,3.5082675081394976,6.736117335127349,5.694233283016237
569,320,22.0,9.5,white,0.0,,5.438478770697419,3.543161523203942
570,886,26.0,11.2,white,0.0,7.539026133294287,5.887024025033089,6.457796957795256
571,562,32.0,8.9,white,0.0,5.62661645365595,6.17182685118491,4.677123036449459
572,457,30.0,10.6,red,1.0,14.356098893660146,4.7546256581467015,3.8913598752872627
573,885,32.0,11.2,rose,0.0,,4.65432511476004,3.6155806761084173
574,528,34.0,10.9,red,0.0,12.710582513996702,6.216585468954886,6.016878891068859
575,293,24.0,9.3,red,0.0,5.77528125311262,4.778782400667281,3.6436114892114917
576,843,24.0,11.3,red,0.0,9.890672242952201,5.238984172090566,4.329539867710882
577,354,32.0,10.0,,0.0,10.944289569770598,7.492212887671734,6.947887430196227
578,193,21.0,11.4,red,1.0,,4.582801572683172,3.2724487975508056
579,572,34.0,11.8,rose,0.0,,4.812267750494478,4.8246319808136775
580,79,27.0,12.3,red,0.0,,4.742792586044829,3.253584619332919
581,222,27.0,11.1,rose,0.0,1.6565549147129737,5.706744544435811,4.547957764242279
582,803,32.0,12.2,white,0.0,,4.172105167346366,2.779393107490172
583,704,30.0,10.8,rose,0.0,11.563992312028908,4.941759058251599,4.316158813997808
584,21,26.0,12.7,red,0.0,5.000821202719677,4.833267387288254,4.779093023279495
585,810,29.0,9.5,red,0.0,,5.923703492261746,5.390712810340266
586,796,30.0,10.2,rose,0.0,19.3448037325723,5.307768397885649,4.321239632015329
587,969,28.0,10.8,rose,0.0,,5.4466886447392096,4.177541307222274
588,240,29.0,12.0,rose,0.0,,8.947384741543381,7.417589535437371
589,942,26.0,12.6,rose,0.0,,6.01331141008617,4.6927838530159125
590,486,27.0,11.9,rose,0.0,,4.41125459782967,3.9975023256948146
591,671,28.0,10.9,rose,0.0,16.122249986572974,5.6783501444052416,5.615940292318598
592,155,27.0,11.5,red,0.0,,7.08325934449396,6.50273841029242
593,353,23.0,10.7,white,1.0,,6.6638599217221595,5.712030541001714
594,254,23.0,11.0,,0.0,,5.125695611440262,4.116326765384671
595,328,22.0,10.2,red,0.0,1.0882899182644634,5.083056150446123,4.064293857135829
596,98,21.0,11.7,rose,0.0,,4.575158205059743,3.6630459786882543
597,389,21.0,11.7,white,0.0,13.216018584224708,5.090653093703931,4.775872849257169
598,339,20.0,10.0,white,0.0,,5.885965414257562,4.996375891370094
599,498,30.0,10.9,white,0.0,,6.478455674113841,5.055120314242156
600,515,27.0,10.8,red,0.0,,4.833407183283689,4.512583317303348
601,162,20.0,11.4,rose,0.0,,5.986652452625233,5.613131024379992
602,1003,12.0,11.5,white,,1.5,6.0,6.0
603,826,28.0,11.6,red,0.0,,6.223467128410688,5.644012407716143
604,15,33.0,10.0,red,0.0,,7.655673233884855,7.18862872076507
605,326,24.0,10.6,rose,0.0,,5.4534399470058235,4.854274838342601
606,745,30.0,10.2,red,0.0,6.577735434031053,5.3315460944530955,4.647495023980487
607,638,30.0,10.2,white,0.0,15.86369477960286,7.200407183208995,6.121773992730543
608,689,32.0,12.5,,0.0,15.729350079507379,4.352845403961752,3.7917268534446404
609,758,34.0,11.5,rose,0.0,,5.000113885619988,3.763770195816826
610,38,24.0,11.3,red,0.0,,4.9229300132347085,4.749434186887029
611,270,23.0,11.0,white,0.0,,4.059087774844119,3.8434140276320727
612,540,24.0,,red,0.0,,6.66142569644333,4.956283494596321
613,742,29.0,12.0,rose,0.0,,5.829285475179891,4.622845108206454
614,310,31.0,9.9,white,0.0,,5.510003236275905,4.38467193065908
615,489,28.0,11.7,red,0.0,,6.663586549683001,6.613055097799775
616,822,24.0,11.2,white,0.0,,4.960970145741152,5.237436611938251
617,49,22.0,9.3,rose,0.0,13.671403660919498,7.675692576138087,6.612044657258752
618,524,32.0,10.6,red,0.0,,5.303491296377988,4.009468826211181
619,732,24.0,9.9,rose,0.0,,8.345665490103563,6.783964834958485
620,693,30.0,10.2,rose,0.0,,6.579868611287335,6.16359664251986
621,691,29.0,11.5,white,0.0,16.751698741703077,5.689827754503318,4.966076685408664
622,56,30.0,9.5,red,0.0,,5.181562179603133,4.267686469329664
623,737,25.0,10.4,red,0.0,13.186229832054186,6.1079145817178055,5.941759975594639
624,210,27.0,11.2,red,1.0,,5.055595474488833,4.84752670387593
625,459,30.0,12.1,red,0.0,9.089397263169538,7.938259469384075,7.920628741407303
626,820,28.0,11.7,red,0.0,6.108605744921841,5.092285971467485,4.7761371017252205
627,664,27.0,11.7,red,0.0,,9.585068565368918,8.47906437039154
628,922,21.0,12.4,rose,0.0,10.802246236472165,4.8649972088179085,5.449017136658791
629,805,21.0,10.3,red,0.0,,6.363202845408241,5.290437510080478
630,717,34.0,11.0,white,0.0,18.430677574402303,3.9662694988484826,3.2062852988197177
631,958,22.0,10.4,rose,0.0,,6.2692814472328795,5.449706054312055
632,789,28.0,10.3,,1.0,,5.57167846117059,5.045119985264588
633,260,22.0,11.8,rose,0.0,,5.928584631738693,5.20549641291282
634,456,30.0,9.8,,0.0,5.09673001862579,5.041001003957788,4.523653386395611
635,13,30.0,9.2,,0.0,,5.732447833054788,4.970693467627304
636,394,27.0,11.9,,0.0,,4.651953789846716,3.822685712339448
637,135,32.0,8.0,white,0.0,7.024533061758324,6.82811283569086,5.478819835443563
638,738,26.0,11.5,,0.0,,5.575971807045622,5.093895103875902
639,990,25.0,10.7,red,0.0,,5.573630818687617,4.813744191311423
640,370,29.0,10.7,rose,0.0,,6.7832082889922685,6.618885909536802
641,678,23.0,10.3,rose,0.0,8.748832615389627,5.360777556079171,4.649618620907797
642,153,26.0,11.2,red,0.0,,4.886995789361174,4.485581582885032
643,846,29.0,11.1,red,0.0,,5.843290665349929,5.253631619638247
644,447,24.0,11.3,white,0.0,,7.590458402668171,7.385903701122078
645,504,31.0,11.3,red,0.0,13.21578514587548,5.132550614359238,4.986895923398339
646,827,20.0,10.7,rose,0.0,,6.06180094721552,5.38318481342607
647,559,34.0,11.0,rose,0.0,,9.686438793069769,7.795398917128648
648,396,20.0,10.9,red,0.0,,6.296189055339459,6.370772858339918
649,850,20.0,9.3,red,0.0,9.288341961681619,6.450542907797454,5.732401714353798
650,623,20.0,10.4,white,0.0,,5.846079687891882,4.981128196415249
651,496,20.0,11.1,white,0.0,,5.033512833575993,4.712790915302167
652,923,20.0,12.8,rose,0.0,,4.849967262723171,3.768774013979268
653,483,26.0,11.1,rose,0.0,,7.882932723926587,7.775764387415382
654,875,24.0,11.3,red,1.0,,4.696475251682231,4.758033722763877
655,665,27.0,9.6,white,0.0,,5.938353809043074,5.694835068166959
656,752,20.0,10.0,rose,0.0,9.052640427669637,4.867807681679887,3.9089227980465284
657,760,31.0,11.6,rose,0.0,,7.713657281727775,6.772238274177463
658,706,33.0,11.9,white,0.0,9.789425940489352,7.8254333639743106,7.161035690395235
659,223,26.0,10.5,red,0.0,,6.523117568668377,6.145401766530482
660,107,27.0,11.8,white,0.0,7.791864281598498,5.069120494020415,4.65839503871466
661,547,34.0,11.0,white,0.0,,5.307512544496259,4.65442702468301
662,17,29.0,12.5,red,0.0,16.89963583823053,5.711526714781192,5.449537525989801
663,598,26.0,11.8,rose,0.0,,5.675259617471958,4.6322766651083125
664,67,33.0,10.4,rose,0.0,16.16419792970394,5.542104656225757,5.305976281817215
665,833,26.0,11.8,rose,0.0,,7.058617768543929,5.864400233036271
666,157,24.0,12.2,white,0.0,,4.166282208633799,3.524909175600906
667,999,29.0,9.9,,0.0,9.42797215817266,6.569311433901034,5.920879260493354
668,766,24.0,10.4,rose,0.0,,5.854381747925814,4.689472803000205
669,537,29.0,9.8,rose,0.0,,7.614989527551578,6.141720608472493
670,305,34.0,10.4,rose,0.0,,5.482101024925552,4.255371352917731
671,267,33.0,10.5,rose,0.0,,4.910713360364831,3.732940928717337
672,102,24.0,13.0,rose,0.0,,4.312864147264865,3.376050017697926
673,363,30.0,12.3,,0.0,,5.507260835219457,4.394541894902837
674,481,32.0,11.2,rose,0.0,,4.880446320077228,5.493964656005467
675,315,32.0,10.0,rose,0.0,5.638162627438897,6.382217232819362,6.340947781029637
676,712,34.0,11.6,red,1.0,12.524537659767093,6.23706605447444,4.935074943183058
677,126,33.0,9.7,rose,2.0,,6.05428927698067,6.240078550555731
678,188,21.0,9.5,red,0.0,4.627468236756747,5.1522547881336465,4.803967022509128
679,229,24.0,12.2,white,0.0,4.207956369479248,4.965724167562012,3.7424428086635864
680,861,20.0,10.9,rose,0.0,,6.3000687777580335,5.480987295945921
681,1000,25.0,11.2,red,0.0,,4.6899908927014415,4.63507807851108
682,154,29.0,10.4,red,0.0,,6.044456328996384,5.73081933449061
683,902,26.0,10.4,rose,0.0,,6.072059162030985,4.578150155480742
684,446,34.0,10.7,rose,0.0,18.053805544014487,5.722402362008204,4.85210606246277
685,36,26.0,12.5,white,0.0,3.785976201442109,5.22631261849221,4.331657295007968
686,425,21.0,11.0,rose,0.0,,5.842621354208219,5.033156873597387
687,54,29.0,10.5,,0.0,,9.540270211433576,8.943546975005072
688,99,25.0,10.2,red,0.0,,5.011481946371813,4.369793796328829
689,57,27.0,10.0,rose,0.0,,4.707918878057603,4.588560963740431
690,854,24.0,11.3,red,0.0,2.542006788714296,4.4920240663634825,4.369813698282224
691,115,30.0,10.7,red,0.0,,6.227020762442574,5.321577346205726
692,206,31.0,11.3,white,1.0,,6.766768278254027,6.274619206846125
693,734,26.0,10.5,white,0.0,,5.648966067238048,4.834754826782394
694,794,20.0,10.8,rose,0.0,,3.893515043114818,4.146531672192542
695,852,25.0,14.0,rose,0.0,8.352714888863645,5.225981900973702,4.456582009060161
696,29,26.0,11.4,red,0.0,16.537310959445865,6.508810751802818,5.942695389540996
697,104,26.0,12.1,rose,0.0,,6.607110468575472,6.141475450901903
698,42,31.0,10.5,white,0.0,11.921586909286715,7.805504357550962,6.742184143273113
699,728,26.0,10.8,red,0.0,2.208112077641387,5.331801699197338,3.679462946652567
700,709,24.0,11.1,white,1.0,,5.596891019189507,5.246486959601527
701,356,33.0,10.2,white,0.0,,7.905370004959813,6.718951439934289
702,271,34.0,12.1,rose,0.0,10.878378283868008,5.154846966800029,3.9944523986374616
703,629,31.0,9.3,red,0.0,,4.909641915048225,3.558393092531375
704,470,20.0,10.1,rose,0.0,11.516511774098653,5.2701849744593945,4.220136363111471
705,873,34.0,10.6,rose,0.0,,4.493832265813085,4.2934406342183795
706,189,29.0,11.2,rose,0.0,,5.832595387519229,4.850245796600736
707,62,27.0,9.9,red,0.0,9.554571830503603,5.425833442371307,5.29180229733268
708,228,32.0,12.1,red,0.0,,5.277108051540887,4.949310314822238
709,207,30.0,10.6,rose,0.0,,5.741621029740998,4.933573372057348
710,591,31.0,11.8,rose,0.0,,5.901611879205554,4.8182657296577975
711,127,22.0,10.3,rose,0.0,,4.194315841945788,3.8473028156378897
712,250,34.0,9.4,white,0.0,,4.6334623666456185,4.740210295014074
713,406,25.0,12.5,red,0.0,,4.269350874306788,3.7914301589547903
714,650,29.0,8.6,rose,0.0,,5.163562219688339,4.36981061839437
715,58,25.0,10.1,white,0.0,,7.37767743418954,6.410575938058141
716,53,28.0,12.2,white,0.0,12.451232506317496,4.503307057600199,3.560865034037923
717,113,23.0,9.8,,0.0,9.38367581824976,6.890115661240839,6.12473468676992
718,733,28.0,10.9,red,0.0,7.092934069649121,7.813569198435499,7.079070137779875
719,838,30.0,10.7,rose,0.0,14.84401274032548,7.291069130572216,5.998341722675204
720,824,33.0,10.6,red,0.0,,4.182890460378786,3.6131736798661307
721,860,31.0,10.5,red,0.0,,4.8652884506657985,4.601277154999799
722,83,26.0,11.2,rose,0.0,,5.442172901443912,4.061470526700745
723,61,27.0,11.3,red,0.0,,6.0333461179414405,5.692425669097442
724,324,26.0,11.8,white,0.0,,6.447280595762726,5.98584925093437
725,235,32.0,10.7,red,0.0,6.28997358901612,4.61120586413792,3.854204852083165
726,941,34.0,12.7,red,0.0,4.808895740079377,6.495898749985347,5.2256627320494795
727,1001,,,red,,,,
728,291,31.0,11.3,rose,0.0,,4.558989358170299,3.5200707095927664
729,998,27.0,10.4,red,0.0,,5.086763615752787,5.494454097415146
730,545,30.0,12.2,rose,0.0,,5.497162993590585,5.01277782788101
731,509,25.0,10.8,rose,0.0,19.83029447526633,6.345576519111145,5.368569914307201
732,570,31.0,10.5,red,1.0,14.6873405577673,6.41864130882066,5.970326137255657
733,482,21.0,11.1,rose,0.0,,6.908019247046326,5.319369467601972
734,150,22.0,10.8,red,0.0,15.239931541871998,7.71284947385629,7.777648290440178
735,975,22.0,10.9,red,0.0,,4.294178740756604,3.034832776639881
736,730,26.0,13.4,white,1.0,,6.04484233551604,5.439258740913703
737,777,33.0,10.3,red,0.0,14.726412110251799,4.38394930642254,4.203924596839385
738,284,21.0,9.1,white,0.0,19.385113958390196,6.126570548288567,5.534804204346225
739,936,25.0,11.0,rose,0.0,,7.268365283977342,6.138917173757049
740,190,22.0,10.0,white,0.0,,5.036837758923191,4.230563550553384
741,1001,,,red,,,,
742,797,29.0,10.4,white,0.0,,4.595646125354238,3.8878551209249705
743,988,29.0,11.5,red,1.0,,4.6497416820819595,4.579983987805499
744,603,30.0,11.2,red,0.0,9.666950366771228,9.167824476745984,7.477385611389048
745,917,24.0,8.8,rose,0.0,,6.254222848013299,5.537840028696733
746,889,27.0,11.1,white,0.0,,5.198093820229898,3.9347070746812056
747,792,22.0,13.4,white,0.0,,6.962407820450759,5.790344758059444
748,428,29.0,11.2,red,0.0,19.24893397418329,4.20640663395593,3.158432866088389
749,894,21.0,11.8,white,0.0,,4.816008114577186,4.7249764511724575
750,615,30.0,10.6,red,0.0,2.7038950230693914,4.984503401714015,5.475888824385313
751,761,32.0,11.9,rose,0.0,,4.987328127354285,4.899152224769358
752,893,24.0,8.8,red,0.0,,5.121680068322728,4.0214700366081555
753,996,23.0,12.7,white,0.0,,6.808956459883362,4.59517866779936
754,575,28.0,10.1,red,0.0,,6.132947158034918,5.48738143157679
755,508,29.0,11.6,red,0.0,,4.445591476462922,3.9318695792905705
756,141,31.0,11.4,red,0.0,15.91991272828111,4.516119086668049,4.266882074694996
757,332,21.0,9.6,rose,0.0,,6.07472653218207,5.672250033341195
758,9,30.0,9.5,white,0.0,17.221409785559235,5.573562011995143,5.595291382236532
759,955,29.0,9.5,white,0.0,,4.919916516662187,3.66615055463789
760,849,28.0,12.1,rose,0.0,,5.509464238244324,4.81680874068716
761,602,25.0,11.8,rose,0.0,,4.857634300817371,3.560287922669658
762,172,25.0,9.6,red,0.0,6.461991673496802,5.455211777598425,4.835300831805524
763,980,20.0,10.4,rose,0.0,17.50676301798434,4.858671218043948,2.78186854367241
764,867,25.0,11.6,rose,0.0,15.432672830677793,4.796127154890225,4.190946379441802
765,505,20.0,10.3,rose,0.0,,4.5900476532695285,4.0669876124206406
766,847,31.0,9.2,rose,0.0,3.5387231948902356,6.488504993268851,6.079843040368889
767,882,32.0,11.3,rose,0.0,,4.6262348795043104,3.6294760176127503
768,790,29.0,10.5,,0.0,,7.165447794342128,7.487178367228854
769,494,26.0,11.9,red,0.0,16.639057540739767,5.4184008686658265,4.289484155121124
770,536,27.0,11.3,red,0.0,,8.721572065778073,7.1725161659649785
771,397,30.0,12.4,red,0.0,,7.6022060368189734,6.2822304679551
772,257,34.0,11.5,white,0.0,,7.7264603764840185,6.463316609034205
773,185,34.0,12.8,red,0.0,,5.836631638726889,5.146404632399715
774,881,28.0,11.8,rose,1.0,6.4713987693818815,4.777476805034018,4.679341034575455
775,312,32.0,10.8,red,0.0,,5.748877868196692,5.213857122792842
776,872,33.0,12.0,white,0.0,2.023044007593695,5.614661282190889,5.508405895470069
777,71,34.0,12.0,rose,0.0,11.593892624197014,4.59045262408819,3.859286423917043
778,939,33.0,11.5,red,0.0,,6.209786080466631,5.440213073270116
779,853,25.0,11.2,red,0.0,,5.099236652297362,4.798440241833447
780,322,23.0,9.6,white,0.0,,5.73097619167577,5.262790582590429
781,905,22.0,10.5,red,0.0,,5.732577105159546,4.739400670789285
782,386,23.0,12.1,rose,0.0,16.865633565753264,5.0238486469866555,4.672649677635732
783,427,21.0,10.3,rose,0.0,3.5959386150254518,4.973655215813835,3.839915461902905
784,340,25.0,10.3,red,0.0,,7.672768704693981,6.145887442067628
785,871,33.0,12.2,white,0.0,,5.685146562853003,5.5300197360038155
786,600,26.0,10.2,,0.0,,4.703959853902169,4.104183847857659
787,944,22.0,12.6,rose,0.0,,7.792900850866093,6.782742781417556
788,723,31.0,12.0,,0.0,9.552580013768404,7.494608770136427,6.104700438823577
789,806,20.0,9.6,rose,0.0,,6.218703291012137,5.258280625535921
790,521,32.0,9.8,rose,0.0,9.593344767864881,6.927065098649677,5.846000940299007
791,743,30.0,11.7,rose,0.0,,5.680181262377822,4.737456675096092
792,816,31.0,11.4,red,0.0,,4.534867717844766,4.370228892637085
793,842,20.0,11.8,red,0.0,,5.051660176437741,4.964229680096773
794,634,28.0,13.5,rose,0.0,,6.536336345379404,5.991911577375154
795,133,27.0,10.2,red,0.0,,4.931437701509824,4.609822167903705
796,420,24.0,11.0,rose,0.0,,8.751556203891075,7.692924441454856
797,695,29.0,10.4,rose,0.0,,4.363164041376679,4.024234641653182
798,744,30.0,10.9,white,0.0,,4.864773690796875,4.260132951826758
799,874,22.0,12.0,red,0.0,,5.918981859531936,4.814348439948459
800,313,30.0,12.2,white,0.0,10.443456994559282,7.370933533104973,6.067855287650735
801,105,33.0,10.6,red,0.0,,4.3017220753816465,3.787862393636015
802,876,29.0,11.6,rose,0.0,,7.108433719345021,5.351092366207026
803,475,20.0,9.5,red,0.0,17.85522278786212,,
804,731,32.0,9.7,rose,0.0,5.088046003724536,6.1163785740355,4.980212668178323
805,890,27.0,11.6,,0.0,,5.571229846152868,4.7429460393078084
806,775,26.0,11.1,white,0.0,,5.325455006070848,4.610355275862601
807,755,29.0,11.5,rose,0.0,,6.084516848952704,5.982863377504936
808,64,20.0,10.7,rose,0.0,,4.4179018912547345,2.9299746497861316
809,632,21.0,10.5,rose,0.0,,5.264662900098217,5.125565941798834
810,519,32.0,10.5,rose,0.0,,5.3408455174175815,4.665415900769844
811,584,28.0,11.2,rose,0.0,,4.67854323490336,4.083813427794167
812,655,25.0,11.3,red,0.0,,5.260516198350054,4.974613182040085
813,573,23.0,11.6,white,0.0,13.110759716585173,5.346990965613184,4.723130067918274
814,609,24.0,10.0,white,0.0,,5.326690156289516,4.719596073986836
815,534,27.0,12.7,red,0.0,,5.4216204542681385,5.121234982919557
816,19,29.0,10.7,white,0.0,,6.595034799408076,6.4461479612036365
817,429,21.0,11.3,red,0.0,,6.314807983314461,4.753177352979805
818,6,26.0,12.3,red,0.0,,6.099186901069961,5.539316164079009
819,325,25.0,12.8,red,0.0,,4.347150002721314,3.374801110392013
820,292,29.0,11.6,red,0.0,,5.1381022116251955,4.694762216464557
821,73,26.0,11.5,red,0.0,2.633449500042528,8.097543527027065,7.038321543440013
822,30,22.0,11.7,red,0.0,16.88916328018091,4.712036872892401,5.015761725847828
823,458,29.0,11.8,rose,0.0,,6.223293448892767,6.037522325036472
824,441,24.0,11.1,white,0.0,,6.10665903449964,5.705274654139613
825,625,23.0,8.7,rose,0.0,5.464924688920759,4.529944064824618,3.327379707303269
826,635,30.0,10.5,rose,0.0,9.50078370337073,6.6101481462221,5.641227763259392
827,134,23.0,11.4,red,0.0,,4.888354249898394,3.955595867100273
828,989,31.0,10.5,rose,0.0,,7.716670552066111,6.050304029050274
829,813,31.0,12.6,rose,0.0,,6.005249989533485,5.617730439913414
830,413,20.0,11.0,red,0.0,,5.802108272703423,4.8863333754164096
831,367,23.0,12.1,red,0.0,,6.944865269890784,7.183024833014058
832,952,30.0,9.0,red,0.0,,5.771170428323373,5.207856033435584
833,259,21.0,10.1,rose,0.0,,4.782799259793219,4.555539993958311
834,651,26.0,10.5,rose,0.0,,6.702883382511208,5.985256592684982
835,971,28.0,10.2,rose,0.0,,5.333288148324858,4.872212364596134
836,786,30.0,11.0,rose,0.0,8.561798801817314,6.1061380767656175,5.631029120342524
837,541,27.0,9.7,,0.0,,4.767306259026044,4.3851696840541186
838,523,26.0,12.1,red,0.0,16.22833705873488,5.088091408396226,4.300750970496819
839,211,29.0,10.6,rose,0.0,,5.78762627888535,5.050756099221274
840,358,22.0,12.0,red,0.0,,4.959832216674567,4.239123646652625
841,276,23.0,10.6,rose,0.0,4.098788988729426,5.252223316804871,4.905448980186213
842,436,20.0,10.3,,0.0,,4.4534888104422325,4.070799806235579
843,382,33.0,11.2,rose,0.0,12.5998688214615,5.00094546920729,4.312701861728615
844,287,25.0,10.9,rose,0.0,,5.7785462033901975,4.6902330439285
845,100,25.0,11.4,rose,0.0,17.3490466648944,6.264257991655195,5.891644406864382
846,677,33.0,11.5,rose,1.0,1.8151774832482421,9.415693762342727,8.386906640789572
847,196,24.0,9.3,red,0.0,19.48821037288258,4.9883201492899705,3.9273164934409475
848,331,31.0,10.5,rose,0.0,,4.384939996964705,4.363964663021387
849,935,20.0,9.7,red,0.0,,6.763362040514897,6.7128797572751395
850,535,28.0,14.0,red,0.0,,6.091591506779002,5.83022775906125
851,200,28.0,12.0,red,0.0,,6.28628290252236,5.662791365500768
852,851,32.0,11.4,rose,0.0,,5.920807476039093,5.091241154001855
853,601,26.0,11.3,rose,0.0,,8.429978786862009,7.357623022559472
854,434,28.0,12.0,rose,0.0,,4.811680880453571,4.5503166643278385
855,513,24.0,11.2,red,0.0,13.60874510398001,5.3747270976339125,4.907363973418178
856,895,24.0,12.8,rose,0.0,3.4164485636304414,6.090172170523866,6.092614677877401
857,884,24.0,11.5,rose,0.0,8.313145328784461,6.76209691182269,6.5591451987844795
858,837,24.0,11.6,rose,0.0,,7.573190288864872,6.0234626087114185
859,933,32.0,10.6,red,0.0,,6.048939323068369,4.735220447575891
860,997,21.0,9.5,red,0.0,,5.804746861748992,5.466100673675486
861,24,22.0,10.9,white,0.0,15.890279007900306,4.548322262689853,3.377293200433461
862,163,20.0,8.8,red,0.0,,6.087581395468597,5.087950321261635
863,814,21.0,11.4,red,0.0,,4.491867831834371,4.926134563814574
864,194,23.0,11.4,rose,0.0,2.4394200365389356,6.954895477698816,6.346298987361925
865,309,27.0,11.9,rose,0.0,10.224512916818384,4.070393464694031,3.900038149600183
866,192,20.0,10.9,white,0.0,,7.256055794194408,6.59334450000983
867,934,30.0,11.1,red,0.0,,5.894841583071536,5.518003038632418
868,362,20.0,10.5,rose,0.0,,5.363219077638503,4.915983860500588
869,829,29.0,9.9,white,0.0,9.082613119403774,4.647382491769452,4.438217791082396
870,343,26.0,11.1,red,0.0,,4.940145214041575,4.928568361050932
871,290,24.0,11.4,white,0.0,,7.085530192493527,6.668802967056193
872,614,20.0,10.8,white,0.0,,6.747844401843855,5.137707034289558
873,549,27.0,12.6,red,0.0,6.41315250358504,5.128744406969456,4.500490488366421
874,225,27.0,12.8,rose,0.0,,4.591243613379743,4.345208578066174
875,653,23.0,11.7,,0.0,,4.835382106891132,4.516657435185553
876,170,32.0,10.3,rose,0.0,,4.219714095126452,4.934648721704829
877,622,32.0,10.7,white,0.0,,4.856398253986985,3.248717984661776
878,778,33.0,11.5,white,0.0,,5.040200242773945,4.273396984610855
879,47,30.0,9.6,,0.0,,7.549987017200408,7.367656067537533
880,374,31.0,9.6,white,0.0,,6.064850576239225,5.099970630279553
881,16,23.0,10.0,red,0.0,,4.2224889937609404,4.596403313680029
882,940,34.0,11.5,white,0.0,14.25549602439101,5.621254527005234,5.436961404272696
883,455,29.0,11.0,red,1.0,3.878102323736023,3.9896307554045225,3.848307208656443
884,532,28.0,10.4,,0.0,,6.637939666023632,5.582988484138421
885,762,27.0,9.6,white,0.0,15.342426330209749,6.275085439208143,6.118387935549696
886,40,29.0,12.1,red,0.0,,4.313872388648871,3.9657426129815483
887,25,28.0,14.0,,0.0,9.662859314045349,4.905395173557309,4.400642564327678
888,212,23.0,10.4,white,0.0,,5.171419917996085,4.1333836087883284
889,357,22.0,11.9,rose,0.0,,5.914127222053816,5.349867159190241
890,834,21.0,11.2,rose,0.0,14.6875859079172,4.725259883167441,5.070841319315248
891,452,34.0,11.7,,0.0,,,
892,769,30.0,10.8,white,0.0,3.0655327007803974,4.944335180512906,4.615945174945192
893,637,23.0,11.9,rose,0.0,1.9886510093099226,7.185839038871029,6.910096909229185
894,243,23.0,11.9,rose,0.0,15.151438152140795,6.689878611747224,6.178016744801767
895,318,33.0,11.8,rose,0.0,,5.7493450578028895,4.345198836299854
896,376,20.0,12.1,rose,0.0,,5.489991038571867,5.270626571300855
897,399,31.0,9.5,red,0.0,,5.030224013102103,5.138680473377356
898,3,28.0,11.3,rose,0.0,,5.942173116279566,5.694657439277459
899,23,20.0,10.6,rose,0.0,,6.134916730897464,5.445064497031728
900,103,24.0,10.3,red,0.0,14.03198057436108,5.738821887404829,5.422581047517871
901,994,33.0,10.0,rose,0.0,2.2932756839181487,4.54143177297381,4.25214941367589
902,308,21.0,10.1,,0.0,,4.140531111270519,4.181519515914019
903,617,21.0,11.8,red,0.0,,4.983015433479761,3.879726311336474
904,217,31.0,9.8,red,0.0,,4.9785528942125215,4.323958440150681
905,711,32.0,10.5,rose,0.0,6.583409144957671,4.489931723053505,4.09972820984137
906,341,30.0,10.2,red,0.0,,5.063555730857904,4.029387104228281
907,463,22.0,13.1,red,0.0,,4.927670895048969,4.960429571933649
908,960,26.0,9.5,white,0.0,,4.675020447422746,4.296798185925346
909,37,21.0,9.8,red,0.0,,6.233434839254706,5.668682469461915
910,48,33.0,9.5,rose,0.0,,8.546766921959513,7.562089987890659
911,921,21.0,10.1,rose,0.0,6.843756446003376,5.268065993196379,4.674512650765589
912,552,34.0,9.4,red,0.0,,5.59596056150848,5.28278264598878
913,51,24.0,10.3,,0.0,1.585857934768729,6.0686485350442645,5.980583851971653
914,911,21.0,10.7,red,0.0,,6.771537536010769,5.791966923143112
915,774,20.0,12.7,red,0.0,,5.799908996254681,5.363707491187058
916,825,25.0,10.1,red,0.0,,5.083549071752907,4.353594827973952
917,563,26.0,9.7,red,0.0,,5.448518417930975,5.194697256603565
918,424,25.0,11.9,rose,0.0,,5.8767223831323285,5.2733526517399865
919,703,20.0,10.2,white,0.0,15.923889111779058,4.211848020749514,4.320416081995572
920,978,21.0,10.9,red,0.0,,8.239469111685711,6.823932679480912
921,295,27.0,10.9,rose,0.0,,4.517895133709007,3.6132367959358405
922,533,32.0,9.9,rose,0.0,9.274720200495837,7.319524253568348,6.250205617561673
923,28,20.0,10.9,white,0.0,,5.789226605254209,5.332571427856974
924,927,23.0,12.1,white,0.0,,7.230853887967228,6.982423827834462
925,164,27.0,12.0,red,0.0,,5.840666357297875,4.2989261335570115
926,92,32.0,11.8,rose,0.0,,5.913118423111078,5.174903081415658
927,60,20.0,11.1,red,0.0,19.687464740122593,6.127453219876033,5.043542461987691
928,919,21.0,11.9,red,0.0,,7.544921844098786,5.951796140030317
929,226,22.0,9.7,white,0.0,,4.5543578994096965,3.629230763988999
930,131,31.0,9.5,rose,0.0,,5.428282604637029,5.574650906464451
931,299,21.0,12.6,rose,1.0,5.995888454101978,5.784362048204624,5.936581549492065
932,422,33.0,10.3,rose,0.0,9.382151250372413,5.001428697183111,4.8515815482679825
933,26,23.0,9.9,,0.0,10.761568249603943,5.473323221323462,5.233485651952734
934,142,26.0,12.3,rose,0.0,,6.347368714486683,5.888915985140656
935,12,21.0,10.6,rose,0.0,,5.961991455590347,4.676222638004407
936,209,33.0,12.0,rose,0.0,,5.2595970197731425,4.763512686988
937,831,25.0,11.7,red,0.0,,6.433564990771361,4.905820392347276
938,174,24.0,10.2,,0.0,,5.698344715940987,4.744846461513345
939,472,32.0,10.9,red,0.0,16.892028704571885,4.4358661746558345,4.336665000773865
940,349,29.0,11.6,rose,0.0,,6.484092287834965,5.568740461303886
941,116,20.0,11.5,red,0.0,,4.772064830944615,3.6647749965162095
942,286,21.0,10.9,white,0.0,9.498989176736254,5.295571619548484,5.308771192363519
943,788,27.0,11.4,rose,0.0,,7.197640658149034,5.650275770288519
944,262,28.0,10.3,rose,1.0,10.848658985055735,5.408928434484729,4.314710565889235
945,966,27.0,12.5,rose,0.0,,5.192353266250646,4.457644272875611
946,144,34.0,11.4,white,0.0,,5.1987164825209415,5.432853535275716
947,74,23.0,11.1,rose,0.0,,6.323968798562319,5.918901023445136
948,776,30.0,10.2,rose,0.0,,7.150491871756428,5.821495481299879
949,361,27.0,10.4,rose,0.0,,5.907785743789855,4.697813073573222
950,924,21.0,10.1,white,0.0,11.905814291949426,5.397346565524018,4.55762564774679
951,41,24.0,11.2,,0.0,12.928917866571394,5.747046803052453,4.942424077762504
952,981,23.0,10.5,white,0.0,,4.983642317842154,5.234860135237791
953,986,23.0,10.8,rose,0.0,,5.065872320653972,4.319085447991827
954,649,24.0,11.0,red,0.0,16.679882426900093,5.024323073483375,5.3051648776763365
955,303,34.0,9.6,white,0.0,9.295285895975411,5.734780819347913,6.102256225396497
956,620,20.0,10.1,white,0.0,,4.143388612541906,2.9122720383543794
957,982,29.0,10.3,red,0.0,,7.336544555531357,5.695915801980535
958,817,27.0,12.2,rose,0.0,17.133671617206318,4.611173142324701,3.7550865458920217
959,720,25.0,11.8,red,0.0,,5.147188799471346,4.336435868381853
960,991,22.0,12.1,rose,0.0,6.732383653305076,5.001752339422909,4.050072500931389
961,639,34.0,10.4,white,0.0,,6.810359387458465,5.570595665514578
962,231,29.0,9.2,red,0.0,,5.23341553361422,4.701194208930172
963,548,33.0,10.3,rose,0.0,,5.579153191145054,5.234634256279323
964,495,25.0,12.4,white,0.0,,4.357170757512088,3.9403287533844416
965,117,28.0,11.9,white,0.0,3.8967594104472845,6.054703786430599,5.8180759382986365
966,1002,10.0,,,20.0,,7.5,7.5
967,740,21.0,9.6,rose,0.0,,5.390412044337991,5.311090314434893
968,234,26.0,10.2,red,0.0,4.527324675703512,4.285908094900326,4.177727295473667
969,974,33.0,9.6,rose,0.0,,6.103314878138982,5.460209611326031
970,835,25.0,11.8,red,0.0,,5.165766597869839,4.544497683411125
971,252,22.0,11.7,white,0.0,,5.499629956733201,4.5629470711359446
972,369,32.0,10.6,white,0.0,,4.58944025879689,4.102546554868764
973,619,34.0,12.2,rose,0.0,,4.654566524395474,3.8229127923357766
974,375,34.0,12.0,white,0.0,,5.638659811799746,4.6955548879538025
975,409,24.0,10.4,red,0.0,,5.123833166743726,4.134700691368478
976,467,27.0,11.9,white,0.0,,5.184161406860584,4.136031941486153
977,129,20.0,10.2,white,0.0,,5.095474848824601,4.403107598187932
978,879,23.0,11.4,red,0.0,,4.473418612961359,3.53939145538311
979,50,26.0,11.9,red,0.0,,4.4323150656503785,4.2847899553525135
980,906,33.0,11.7,rose,0.0,7.294867083072679,5.148901090563031,4.48568842565324
981,464,31.0,11.2,red,0.0,,5.644106057309043,4.869200338004674
982,546,24.0,10.3,rose,0.0,,4.371666956903892,4.105832716929647
983,426,27.0,10.4,red,0.0,18.655822699758872,5.992237205263046,6.020717290197474
984,327,22.0,10.0,white,0.0,4.867835934077604,4.915486105066618,5.348764427568916
985,539,21.0,10.2,,0.0,,6.124257148495362,5.812098439792195
986,345,31.0,10.8,red,0.0,,4.859284380947088,4.108688572666128
987,582,31.0,11.9,red,0.0,7.09031930398443,5.619541377362602,4.486883245476138
988,490,30.0,12.2,rose,0.0,,5.587786109241064,5.485028065392193
989,569,29.0,10.8,rose,0.0,,5.674594744769065,4.183429795055225
990,681,20.0,10.7,,0.0,,5.113583274626061,4.666072407080827
991,7,23.0,11.0,red,0.0,2.154856252216451,6.712354210482504,6.2667717084385055
992,93,23.0,9.9,red,0.0,14.97317640141234,5.591585739084129,5.270304619812364
993,726,22.0,11.3,white,0.0,14.680978347623132,4.795002564189444,3.902598560561624
994,697,27.0,11.5,rose,0.0,12.833074108023167,5.135504166776112,4.528608393871662
995,951,29.0,11.0,white,0.0,12.293436212491127,4.654965161074614,4.001574373541472
996,904,22.0,11.3,red,0.0,,5.2152630348859255,3.7960240909226273
997,273,22.0,9.8,red,0.0,,5.516536691909119,5.301470453183694
998,799,22.0,8.8,rose,0.0,,5.369288082666521,3.988315690817723
999,903,26.0,11.3,rose,0.0,11.145614774143139,7.70281611159945,6.9457925693312434
1000,502,24.0,11.0,red,0.0,4.769673621244247,6.27339268108382,6.301439551120391
1001,261,32.0,13.0,rose,0.0,,7.023826431085682,5.786103222498337
1002,1005,15.0,,,22.0,,,
1003,807,26.0,11.1,rose,0.0,,6.463693075627933,5.359619553009296
1004,925,20.0,9.8,white,0.0,,4.675328441992751,3.9275281224302443
1005,855,24.0,11.1,red,0.0,,4.061775819817595,3.0703541843983304
1006,91,28.0,10.6,red,0.0,,8.359577796028042,7.30166421689923
1007,954,21.0,9.4,red,0.0,16.205353849269816,6.49881030885132,6.467052664755364
1008,59,34.0,10.4,white,0.0,,5.6018284063074555,3.625204241888926
1009,55,20.0,12.6,red,0.0,,6.502504377113952,6.128093007869738
1010,395,25.0,9.8,rose,0.0,2.806605725511374,4.995713991910956,4.830098914764059
1011,888,27.0,10.9,rose,0.0,,5.360312923355453,4.149717228612164
1012,767,31.0,13.2,rose,0.0,,6.250316797494021,5.502109030882946
1013,237,26.0,10.3,rose,0.0,,6.099517200686044,5.208368926044822
